form|type|typeDescription|typeShortDescription|center|centerDescription|minMonths|maxMonths|minDate|maxDate|lastRefreshed
I-765|147-C26|Based on being an H-4 spouse of an H-1B nonimmigrant (Standalone; not filed with I-539 H4) [(c)(26)]|H-4 spouse of H-1B (Standalone) [(c)(26)]|CSC|California Service Center|5.0|6.5|Mar 15, 2024|Jan 30, 2024|Aug 12, 2024 07:17:24 AM
I-765|147-C26|Based on being an H-4 spouse of an H-1B nonimmigrant (Standalone; not filed with I-539 H4) [(c)(26)]|H-4 spouse of H-1B (Standalone) [(c)(26)]|SSC|Texas Service Center|10.0|11.0|Oct 17, 2023|Sep 17, 2023|Aug 12, 2024 07:17:24 AM
I-765|147-C26|Based on being an H-4 spouse of an H-1B nonimmigrant (Standalone; not filed with I-539 H4) [(c)(26)]|H-4 spouse of H-1B (Standalone) [(c)(26)]|ESC|Vermont Service Center|8.5|9.0|Dec 01, 2023|Nov 16, 2023|Aug 12, 2024 07:17:24 AM
I-765|147-C26|Based on being an H-4 spouse of an H-1B nonimmigrant (Standalone; not filed with I-539 H4) [(c)(26)]|H-4 spouse of H-1B (Standalone) [(c)(26)]|NSC|Nebraska Service Center|5.5|6.5|Feb 29, 2024|Jan 30, 2024|Aug 12, 2024 07:17:24 AM
I-765|147-539C26|Based on being an H-4 spouse of an H-1B nonimmigrant (filed with I-539 H4) [(c)(26)]|H-4 spouse of H-1B (filed with I-539 H4) [(c)(26)]|CSC|California Service Center|3.5|4.5|Apr 29, 2024|Mar 30, 2024|Aug 12, 2024 07:17:24 AM
I-765|147-539C26|Based on being an H-4 spouse of an H-1B nonimmigrant (filed with I-539 H4) [(c)(26)]|H-4 spouse of H-1B (filed with I-539 H4) [(c)(26)]|SSC|Texas Service Center|4.5|6.5|Mar 30, 2024|Jan 30, 2024|Aug 12, 2024 07:17:24 AM
I-765|147-539C26|Based on being an H-4 spouse of an H-1B nonimmigrant (filed with I-539 H4) [(c)(26)]|H-4 spouse of H-1B (filed with I-539 H4) [(c)(26)]|ESC|Vermont Service Center|5.0|7.5|Mar 15, 2024|Dec 31, 2023|Aug 12, 2024 07:17:24 AM
I-765|147-539C26|Based on being an H-4 spouse of an H-1B nonimmigrant (filed with I-539 H4) [(c)(26)]|H-4 spouse of H-1B (filed with I-539 H4) [(c)(26)]|NSC|Nebraska Service Center|2.0|4.0|Jun 13, 2024|Apr 14, 2024|Aug 12, 2024 07:17:24 AM
I-765|147-A18|Based on being an L-2 spouse of an L-1 nonimmigrant [(a)(18)]|L-2 spouse of L-1 nonimmigrant [(a)(18)]|CSC|California Service Center|6.5|20.0|Jan 30, 2024|Dec 21, 2022|Aug 12, 2024 07:17:24 AM
I-765|147-A18|Based on being an L-2 spouse of an L-1 nonimmigrant [(a)(18)]|L-2 spouse of L-1 nonimmigrant [(a)(18)]|SSC|Texas Service Center|6.5|20.0|Jan 30, 2024|Dec 21, 2022|Aug 12, 2024 07:17:24 AM
I-765|147-A18|Based on being an L-2 spouse of an L-1 nonimmigrant [(a)(18)]|L-2 spouse of L-1 nonimmigrant [(a)(18)]|ESC|Vermont Service Center|49.0|49.5|Aug 03, 2020|Jul 19, 2020|Aug 12, 2024 07:17:24 AM
I-765|147-C3|Based on a request by a qualified F-1 academic student [(c)(3)]|Qualified F-1 academic student [(c)(3)]|YSC|Potomac Service Center|4.0|5.0|Apr 14, 2024|Mar 15, 2024|Aug 12, 2024 07:17:24 AM
I-765|147-C9|Based on a pending I-485 adjustment application [(c)(9)]|Pending I-485 adjustment application [(c)(9)]|CSC|California Service Center|4.0|5.0|Apr 14, 2024|Mar 15, 2024|Aug 12, 2024 07:17:24 AM
I-765|147-C9|Based on a pending I-485 adjustment application [(c)(9)]|Pending I-485 adjustment application [(c)(9)]|SSC|Texas Service Center|5.0|9.0|Mar 15, 2024|Nov 16, 2023|Aug 12, 2024 07:17:24 AM
I-765|147-C9|Based on a pending I-485 adjustment application [(c)(9)]|Pending I-485 adjustment application [(c)(9)]|ESC|Vermont Service Center|7.5|9.0|Dec 31, 2023|Nov 16, 2023|Aug 12, 2024 07:17:24 AM
I-765|147-C9|Based on a pending I-485 adjustment application [(c)(9)]|Pending I-485 adjustment application [(c)(9)]|NSC|Nebraska Service Center|3.5|4.0|Apr 29, 2024|Apr 14, 2024|Aug 12, 2024 07:17:24 AM
I-765|147-C9|Based on a pending I-485 adjustment application [(c)(9)]|Pending I-485 adjustment application [(c)(9)]|NBC|National Benefits Center|6.5|8.0|Jan 30, 2024|Dec 16, 2023|Aug 12, 2024 07:17:24 AM
I-765|147-A3|Based on being admitted as a Refugee [(a)(3)]|Admitted as a Refugee [(a)(3)]|NSC|Nebraska Service Center|2.0|5.0|Jun 13, 2024|Mar 15, 2024|Aug 12, 2024 07:17:24 AM
I-765|147-A5|Based on an approved asylum application [(a)(5)]|Approved asylum application [(a)(5)]|NSC|Nebraska Service Center|3.0|5.0|May 14, 2024|Mar 15, 2024|Aug 12, 2024 07:17:24 AM
I-765|147-A5|Based on an approved asylum application [(a)(5)]|Approved asylum application [(a)(5)]|SSC|Texas Service Center|12.0|15.5|Aug 18, 2023|May 05, 2023|Aug 12, 2024 07:17:24 AM
I-765|147-C10|Application for Suspension of Deportation/Sec.244/NACARA/Cancel of Removal [(c)(10)]|Suspension of Deportation/NACARA/Cancel of Removal [(c)(10)]|NBC|National Benefits Center|17.0|17.5|Mar 21, 2023|Mar 06, 2023|Aug 12, 2024 07:17:24 AM
I-765|147-C11|Based on parole|Based on parole|NBC|National Benefits Center|1.5|12.5|Jun 28, 2024|Aug 03, 2023|Aug 12, 2024 07:17:24 AM
I-765|147-C18|Alien with Final Order of Deportation Under an OSUP [(c)(18)]|Final Order of Deportation Under an OSUP [(c)(18)]|NBC|National Benefits Center|5.0|7.5|Mar 15, 2024|Dec 31, 2023|Aug 12, 2024 07:17:24 AM
I-765|147-C33|Based on an approved, concurrently filed, I-821D [(c)(33)]|Approved I-821D [(c)(33)]|NSC|Nebraska Service Center|5.5|3.5|Feb 29, 2024|Apr 29, 2024|Aug 12, 2024 07:17:24 AM
I-765|147-C8|Based on a pending asylum application [(c)(8)] - renewal/replacement|Pending asylum application [(c)(8)] - renewal/replacement|SCD|All Service Centers|13.5|14.5|Jul 04, 2023|Jun 04, 2023|Aug 12, 2024 07:17:24 AM
I-765|147-C8I|Based on a pending asylum application [(c)(8)] - Initial Application|Pending asylum application [(c)(8)] - Initial Application|SCD|All Service Centers|1.0|4.0|Jul 13, 2024|Apr 14, 2024|Aug 12, 2024 07:17:24 AM
I-765|147-ELSAL|Based on TPS for El Salvador [(c)(19), (a)(12)]|TPS for El Salvador [(c)(19), (a)(12)]|ESC|Vermont Service Center|8.0|9.0|Dec 16, 2023|Nov 16, 2023|Aug 12, 2024 07:17:24 AM
I-765|147-ELSAL|Based on TPS for El Salvador [(c)(19), (a)(12)]|TPS for El Salvador [(c)(19), (a)(12)]|SSC|Texas Service Center|8.5|9.5|Dec 01, 2023|Nov 01, 2023|Aug 12, 2024 07:17:24 AM
I-765|147-HAITI|Haiti extension [(c)(19), (a)(12)]|Haiti extension [(c)(19), (a)(12)]|CSC|California Service Center|13.5|14.5|Jul 04, 2023|Jun 04, 2023|Aug 12, 2024 07:17:24 AM
I-765|147-OTH|All other applications for employment authorization|All other applications for employment authorization|CSC|California Service Center|14.0|14.5|Jun 19, 2023|Jun 04, 2023|Aug 12, 2024 07:17:24 AM
I-765|147-OTH|All other applications for employment authorization|All other applications for employment authorization|SSC|Texas Service Center|3.0|5.0|May 14, 2024|Mar 15, 2024|Aug 12, 2024 07:17:24 AM
I-765|147-OTH|All other applications for employment authorization|All other applications for employment authorization|ESC|Vermont Service Center|13.0|14.5|Jul 19, 2023|Jun 04, 2023|Aug 12, 2024 07:17:24 AM
I-765|147-OTH|All other applications for employment authorization|All other applications for employment authorization|NSC|Nebraska Service Center|8.0|9.5|Dec 16, 2023|Nov 01, 2023|Aug 12, 2024 07:17:24 AM
I-765|147-OTH|All other applications for employment authorization|All other applications for employment authorization|NBC|National Benefits Center|4.5|5.5|Mar 30, 2024|Feb 29, 2024|Aug 12, 2024 07:17:24 AM
I-765|147-OTH|All other applications for employment authorization|All other applications for employment authorization|YSC|Potomac Service Center|4.5|9.5|Mar 30, 2024|Nov 01, 2023|Aug 12, 2024 07:17:24 AM
I-539|139B-H|Extension of stay for H4 dependent|Extension of stay for H4 dependent|CSC|California Service Center|3.5|4.5|Apr 29, 2024|Mar 30, 2024|Aug 12, 2024 07:17:24 AM
I-539|139B-H|Extension of stay for H4 dependent|Extension of stay for H4 dependent|NSC|Nebraska Service Center|2.5|5.0|May 29, 2024|Mar 15, 2024|Aug 12, 2024 07:17:24 AM
I-539|139B-H|Extension of stay for H4 dependent|Extension of stay for H4 dependent|SSC|Texas Service Center|6.0|7.0|Feb 14, 2024|Jan 15, 2024|Aug 12, 2024 07:17:24 AM
I-539|139B-H|Extension of stay for H4 dependent|Extension of stay for H4 dependent|ESC|Vermont Service Center|7.0|7.5|Jan 15, 2024|Dec 31, 2023|Aug 12, 2024 07:17:24 AM
I-539|139BC-H|Extension of stay for H4 dependent with I-765|Extension of stay for H4 dependent with I-765|CSC|California Service Center|2.5|3.5|May 29, 2024|Apr 29, 2024|Aug 12, 2024 07:17:24 AM
I-539|139BC-H|Extension of stay for H4 dependent with I-765|Extension of stay for H4 dependent with I-765|NSC|Nebraska Service Center|2.0|3.0|Jun 13, 2024|May 14, 2024|Aug 12, 2024 07:17:24 AM
I-539|139BC-H|Extension of stay for H4 dependent with I-765|Extension of stay for H4 dependent with I-765|SSC|Texas Service Center|4.0|6.0|Apr 14, 2024|Feb 14, 2024|Aug 12, 2024 07:17:24 AM
I-539|139BC-H|Extension of stay for H4 dependent with I-765|Extension of stay for H4 dependent with I-765|ESC|Vermont Service Center|4.5|7.0|Mar 30, 2024|Jan 15, 2024|Aug 12, 2024 07:17:24 AM
I-539|139B-B|Extension of stay for B nonimmigrant|Extension of stay for B nonimmigrant|CSC|California Service Center|3.5|6.5|Apr 29, 2024|Jan 30, 2024|Aug 12, 2024 07:17:24 AM
I-539|139B-B|Extension of stay for B nonimmigrant|Extension of stay for B nonimmigrant|NSC|Nebraska Service Center|3.5|7.5|Apr 29, 2024|Dec 31, 2023|Aug 12, 2024 07:17:24 AM
I-539|139B-B|Extension of stay for B nonimmigrant|Extension of stay for B nonimmigrant|SSC|Texas Service Center|4.0|4.5|Apr 14, 2024|Mar 30, 2024|Aug 12, 2024 07:17:24 AM
I-539|139B-B|Extension of stay for B nonimmigrant|Extension of stay for B nonimmigrant|ESC|Vermont Service Center|6.0|7.0|Feb 14, 2024|Jan 15, 2024|Aug 12, 2024 07:17:24 AM
I-539|139B-B|Extension of stay for B nonimmigrant|Extension of stay for B nonimmigrant|YSC|Potomac Service Center|4.0|5.0|Apr 14, 2024|Mar 15, 2024|Aug 12, 2024 07:17:24 AM
I-539|139B-FMJ|Extension of stay for F or M student or J exchange visitor category|Extension of stay for F/M student or J exchange visitor|CSC|California Service Center|3.0|4.0|May 14, 2024|Apr 14, 2024|Aug 12, 2024 07:17:24 AM
I-539|139B-FMJ|Extension of stay for F or M student or J exchange visitor category|Extension of stay for F/M student or J exchange visitor|NSC|Nebraska Service Center|3.0|4.5|May 14, 2024|Mar 30, 2024|Aug 12, 2024 07:17:24 AM
I-539|139B-FMJ|Extension of stay for F or M student or J exchange visitor category|Extension of stay for F/M student or J exchange visitor|SSC|Texas Service Center|4.0|4.5|Apr 14, 2024|Mar 30, 2024|Aug 12, 2024 07:17:24 AM
I-539|139B-FMJ|Extension of stay for F or M student or J exchange visitor category|Extension of stay for F/M student or J exchange visitor|ESC|Vermont Service Center|4.0|6.0|Apr 14, 2024|Feb 14, 2024|Aug 12, 2024 07:17:24 AM
I-539|139B-FMJ|Extension of stay for F or M student or J exchange visitor category|Extension of stay for F/M student or J exchange visitor|YSC|Potomac Service Center|4.0|5.0|Apr 14, 2024|Mar 15, 2024|Aug 12, 2024 07:17:24 AM
I-539|139B-L|Extension of stay for L dependent|Extension of stay for L dependent|CSC|California Service Center|4.0|6.5|Apr 14, 2024|Jan 30, 2024|Aug 12, 2024 07:17:24 AM
I-539|139B-L|Extension of stay for L dependent|Extension of stay for L dependent|SSC|Texas Service Center|4.0|6.5|Apr 14, 2024|Jan 30, 2024|Aug 12, 2024 07:17:24 AM
I-539|139B-OTH|All other Extension for stay applications|All other extension of stay applications|CSC|California Service Center|5.0|10.0|Mar 15, 2024|Oct 17, 2023|Aug 12, 2024 07:17:24 AM
I-539|139C|Reinstatement to student status|Reinstatement to student status|CSC|California Service Center|5.5|7.5|Feb 29, 2024|Dec 31, 2023|Aug 12, 2024 07:17:24 AM
I-539|139C|Reinstatement to student status|Reinstatement to student status|ESC|Vermont Service Center|7.5|8.5|Dec 31, 2023|Dec 01, 2023|Aug 12, 2024 07:17:24 AM
I-539|139B-T|Extension of stay for T nonimmigrant|Extension of stay for T nonimmigrant|ESC|Vermont Service Center|14.0|15.0|Jun 19, 2023|May 20, 2023|Aug 12, 2024 07:17:24 AM
I-539|139B-U|Extension of stay for U nonimmigrant|Extension of stay for U nonimmigrant|ESC|Vermont Service Center|21.0|32.0|Nov 21, 2022|Dec 26, 2021|Aug 12, 2024 07:17:24 AM
I-539|139A-H|Change of status to H4 dependent|Change of status to H4 dependent|CSC|California Service Center|3.5|4.5|Apr 29, 2024|Mar 30, 2024|Aug 12, 2024 07:17:24 AM
I-539|139A-H|Change of status to H4 dependent|Change of status to H4 dependent|NSC|Nebraska Service Center|5.0|6.5|Mar 15, 2024|Jan 30, 2024|Aug 12, 2024 07:17:24 AM
I-539|139A-H|Change of status to H4 dependent|Change of status to H4 dependent|SSC|Texas Service Center|7.0|8.0|Jan 15, 2024|Dec 16, 2023|Aug 12, 2024 07:17:24 AM
I-539|139A-H|Change of status to H4 dependent|Change of status to H4 dependent|ESC|Vermont Service Center|8.0|8.5|Dec 16, 2023|Dec 01, 2023|Aug 12, 2024 07:17:24 AM
I-539|139AC-H|Change of status to H4 dependent with I-765|Change of status to H4 dependent with I-765|CSC|California Service Center|3.5|4.0|Apr 29, 2024|Apr 14, 2024|Aug 12, 2024 07:17:24 AM
I-539|139AC-H|Change of status to H4 dependent with I-765|Change of status to H4 dependent with I-765|NSC|Nebraska Service Center|4.5|5.5|Mar 30, 2024|Feb 29, 2024|Aug 12, 2024 07:17:24 AM
I-539|139AC-H|Change of status to H4 dependent with I-765|Change of status to H4 dependent with I-765|SSC|Texas Service Center|6.0|7.0|Feb 14, 2024|Jan 15, 2024|Aug 12, 2024 07:17:24 AM
I-539|139AC-H|Change of status to H4 dependent with I-765|Change of status to H4 dependent with I-765|ESC|Vermont Service Center|7.5|8.0|Dec 31, 2023|Dec 16, 2023|Aug 12, 2024 07:17:24 AM
I-539|139A-B|Change of status to B nonimmigrant|Change of status to B nonimmigrant|CSC|California Service Center|3.5|7.0|Apr 29, 2024|Jan 15, 2024|Aug 12, 2024 07:17:24 AM
I-539|139A-B|Change of status to B nonimmigrant|Change of status to B nonimmigrant|NSC|Nebraska Service Center|3.5|5.5|Apr 29, 2024|Feb 29, 2024|Aug 12, 2024 07:17:24 AM
I-539|139A-B|Change of status to B nonimmigrant|Change of status to B nonimmigrant|SSC|Texas Service Center|4.0|5.0|Apr 14, 2024|Mar 15, 2024|Aug 12, 2024 07:17:24 AM
I-539|139A-B|Change of status to B nonimmigrant|Change of status to B nonimmigrant|ESC|Vermont Service Center|6.0|7.0|Feb 14, 2024|Jan 15, 2024|Aug 12, 2024 07:17:24 AM
I-539|139A-B|Change of status to B nonimmigrant|Change of status to B nonimmigrant|YSC|Potomac Service Center|4.0|5.0|Apr 14, 2024|Mar 15, 2024|Aug 12, 2024 07:17:24 AM
I-539|139A-FMJ|Change of status to F or M student or J exchange visitor category|Change of status to F/M student or J exchange visitor|CSC|California Service Center|4.0|5.0|Apr 14, 2024|Mar 15, 2024|Aug 12, 2024 07:17:24 AM
I-539|139A-FMJ|Change of status to F or M student or J exchange visitor category|Change of status to F/M student or J exchange visitor|NSC|Nebraska Service Center|4.5|7.0|Mar 30, 2024|Jan 15, 2024|Aug 12, 2024 07:17:24 AM
I-539|139A-FMJ|Change of status to F or M student or J exchange visitor category|Change of status to F/M student or J exchange visitor|SSC|Texas Service Center|4.5|5.0|Mar 30, 2024|Mar 15, 2024|Aug 12, 2024 07:17:24 AM
I-539|139A-FMJ|Change of status to F or M student or J exchange visitor category|Change of status to F/M student or J exchange visitor|ESC|Vermont Service Center|6.5|7.5|Jan 30, 2024|Dec 31, 2023|Aug 12, 2024 07:17:24 AM
I-539|139A-FMJ|Change of status to F or M student or J exchange visitor category|Change of status to F/M student or J exchange visitor|YSC|Potomac Service Center|5.0|5.5|Mar 15, 2024|Feb 29, 2024|Aug 12, 2024 07:17:24 AM
I-539|139A-L|Change of status to L dependent|Change of status to L dependent|CSC|California Service Center|5.0|12.5|Mar 15, 2024|Aug 03, 2023|Aug 12, 2024 07:17:24 AM
I-539|139A-L|Change of status to L dependent|Change of status to L dependent|SSC|Texas Service Center|5.0|7.0|Mar 15, 2024|Jan 15, 2024|Aug 12, 2024 07:17:24 AM
I-539|139A-OTH|All other change of status applications|All other change of status applications|CSC|California Service Center|5.5|11.5|Feb 29, 2024|Sep 02, 2023|Aug 12, 2024 07:17:24 AM
I-485|131A|Employment-based adjustment of status applications|Employment-based adjustment of status applications|CSC|California Service Center|21.0|42.5|Nov 21, 2022|Feb 14, 2021|Aug 12, 2024 07:17:24 AM
I-485|131A|Employment-based adjustment of status applications|Employment-based adjustment of status applications|NSC|Nebraska Service Center|14.5|18.0|Jun 04, 2023|Feb 19, 2023|Aug 12, 2024 07:17:24 AM
I-485|131A|Employment-based adjustment of status applications|Employment-based adjustment of status applications|SSC|Texas Service Center|31.5|41.0|Jan 10, 2022|Mar 31, 2021|Aug 12, 2024 07:17:24 AM
I-485|131A|Employment-based adjustment of status applications|Employment-based adjustment of status applications|AGA|Agana, GU|11.5|17.0|Sep 02, 2023|Mar 21, 2023|Aug 12, 2024 07:17:24 AM
I-485|131A|Employment-based adjustment of status applications|Employment-based adjustment of status applications|ALB|Albany, NY|6.5|11.0|Jan 30, 2024|Sep 17, 2023|Aug 12, 2024 07:17:24 AM
I-485|131A|Employment-based adjustment of status applications|Employment-based adjustment of status applications|ABQ|Albuquerque, NM|29.5|41.0|Mar 11, 2022|Mar 31, 2021|Aug 12, 2024 07:17:24 AM
I-485|131A|Employment-based adjustment of status applications|Employment-based adjustment of status applications|ANC|Anchorage, AK|11.5|17.0|Sep 02, 2023|Mar 21, 2023|Aug 12, 2024 07:17:24 AM
I-485|131A|Employment-based adjustment of status applications|Employment-based adjustment of status applications|ATL|Atlanta, GA|38.5|92.0|Jun 14, 2021|Jan 21, 2017|Aug 12, 2024 07:17:24 AM
I-485|131A|Employment-based adjustment of status applications|Employment-based adjustment of status applications|BAL|Baltimore, MD|37.0|50.0|Jul 29, 2021|Jul 04, 2020|Aug 12, 2024 07:17:24 AM
I-485|131A|Employment-based adjustment of status applications|Employment-based adjustment of status applications|BOI|Boise, ID|11.5|15.0|Sep 02, 2023|May 20, 2023|Aug 12, 2024 07:17:24 AM
I-485|131A|Employment-based adjustment of status applications|Employment-based adjustment of status applications|BOS|Boston, MA|11.0|25.5|Sep 17, 2023|Jul 09, 2022|Aug 12, 2024 07:17:24 AM
I-485|131A|Employment-based adjustment of status applications|Employment-based adjustment of status applications|BNY|Brooklyn, NY|9.5|15.0|Nov 01, 2023|May 20, 2023|Aug 12, 2024 07:17:24 AM
I-485|131A|Employment-based adjustment of status applications|Employment-based adjustment of status applications|BUF|Buffalo, NY|8.5|13.5|Dec 01, 2023|Jul 04, 2023|Aug 12, 2024 07:17:24 AM
I-485|131A|Employment-based adjustment of status applications|Employment-based adjustment of status applications|STA|Burlington, VT|7.0|11.5|Jan 15, 2024|Sep 02, 2023|Aug 12, 2024 07:17:24 AM
I-485|131A|Employment-based adjustment of status applications|Employment-based adjustment of status applications|CHL|Charleston, SC|38.5|51.5|Jun 14, 2021|May 20, 2020|Aug 12, 2024 07:17:24 AM
I-485|131A|Employment-based adjustment of status applications|Employment-based adjustment of status applications|CHA|Charlotte Amalie, VI|19.5|25.5|Jan 05, 2023|Jul 09, 2022|Aug 12, 2024 07:17:24 AM
I-485|131A|Employment-based adjustment of status applications|Employment-based adjustment of status applications|CLT|Charlotte, NC|38.5|69.5|Jun 14, 2021|Nov 27, 2018|Aug 12, 2024 07:17:24 AM
I-485|131A|Employment-based adjustment of status applications|Employment-based adjustment of status applications|CHI|Chicago, IL|20.5|40.0|Dec 06, 2022|Apr 30, 2021|Aug 12, 2024 07:17:24 AM
I-485|131A|Employment-based adjustment of status applications|Employment-based adjustment of status applications|CHR|Christiansted, VI|13.5|28.0|Jul 04, 2023|Apr 25, 2022|Aug 12, 2024 07:17:24 AM
I-485|131A|Employment-based adjustment of status applications|Employment-based adjustment of status applications|CIN|Cincinnati, OH|9.0|13.0|Nov 16, 2023|Jul 19, 2023|Aug 12, 2024 07:17:24 AM
I-485|131A|Employment-based adjustment of status applications|Employment-based adjustment of status applications|CLE|Cleveland, OH|8.0|13.5|Dec 16, 2023|Jul 04, 2023|Aug 12, 2024 07:17:24 AM
I-485|131A|Employment-based adjustment of status applications|Employment-based adjustment of status applications|CLM|Columbus, OH|8.5|24.0|Dec 01, 2023|Aug 23, 2022|Aug 12, 2024 07:17:24 AM
I-485|131A|Employment-based adjustment of status applications|Employment-based adjustment of status applications|DAL|Dallas, TX|41.0|58.5|Mar 31, 2021|Oct 23, 2019|Aug 12, 2024 07:17:24 AM
I-485|131A|Employment-based adjustment of status applications|Employment-based adjustment of status applications|DEN|Denver, CO|34.0|37.5|Oct 27, 2021|Jul 14, 2021|Aug 12, 2024 07:17:24 AM
I-485|131A|Employment-based adjustment of status applications|Employment-based adjustment of status applications|DSM|Des Moines IA|23.0|38.5|Sep 22, 2022|Jun 14, 2021|Aug 12, 2024 07:17:24 AM
I-485|131A|Employment-based adjustment of status applications|Employment-based adjustment of status applications|DET|Detroit, MI|15.5|23.0|May 05, 2023|Sep 22, 2022|Aug 12, 2024 07:17:24 AM
I-485|131A|Employment-based adjustment of status applications|Employment-based adjustment of status applications|ELP|El Paso, TX|17.5|30.0|Mar 06, 2023|Feb 24, 2022|Aug 12, 2024 07:17:24 AM
I-485|131A|Employment-based adjustment of status applications|Employment-based adjustment of status applications|OFM|Fort Myers, FL|24.0|62.5|Aug 23, 2022|Jun 25, 2019|Aug 12, 2024 07:17:24 AM
I-485|131A|Employment-based adjustment of status applications|Employment-based adjustment of status applications|FSA|Fort Smith, AR|17.0|23.0|Mar 21, 2023|Sep 22, 2022|Aug 12, 2024 07:17:24 AM
I-485|131A|Employment-based adjustment of status applications|Employment-based adjustment of status applications|FRE|Fresno, CA|10.5|16.5|Oct 02, 2023|Apr 05, 2023|Aug 12, 2024 07:17:24 AM
I-485|131A|Employment-based adjustment of status applications|Employment-based adjustment of status applications|GRR|Greer, SC|15.0|35.0|May 20, 2023|Sep 27, 2021|Aug 12, 2024 07:17:24 AM
I-485|131A|Employment-based adjustment of status applications|Employment-based adjustment of status applications|HLG|Harlingen, TX|13.5|38.5|Jul 04, 2023|Jun 14, 2021|Aug 12, 2024 07:17:24 AM
I-485|131A|Employment-based adjustment of status applications|Employment-based adjustment of status applications|HAR|Hartford, CT|10.0|16.5|Oct 17, 2023|Apr 05, 2023|Aug 12, 2024 07:17:24 AM
I-485|131A|Employment-based adjustment of status applications|Employment-based adjustment of status applications|HEL|Helena, MT|19.5|34.5|Jan 05, 2023|Oct 12, 2021|Aug 12, 2024 07:17:24 AM
I-485|131A|Employment-based adjustment of status applications|Employment-based adjustment of status applications|HIA|Hialeah, FL|18.5|42.5|Feb 04, 2023|Feb 14, 2021|Aug 12, 2024 07:17:24 AM
I-485|131A|Employment-based adjustment of status applications|Employment-based adjustment of status applications|HHW|Honolulu, HI|10.5|28.5|Oct 02, 2023|Apr 10, 2022|Aug 12, 2024 07:17:24 AM
I-485|131A|Employment-based adjustment of status applications|Employment-based adjustment of status applications|HOU|Houston, TX|29.0|56.5|Mar 26, 2022|Dec 22, 2019|Aug 12, 2024 07:17:24 AM
I-485|131A|Employment-based adjustment of status applications|Employment-based adjustment of status applications|IMP|Imperial, CA|8.0|11.5|Dec 16, 2023|Sep 02, 2023|Aug 12, 2024 07:17:24 AM
I-485|131A|Employment-based adjustment of status applications|Employment-based adjustment of status applications|INP|Indianapolis, IN|8.5|13.5|Dec 01, 2023|Jul 04, 2023|Aug 12, 2024 07:17:24 AM
I-485|131A|Employment-based adjustment of status applications|Employment-based adjustment of status applications|JAC|Jacksonville, FL|27.0|31.0|May 25, 2022|Jan 25, 2022|Aug 12, 2024 07:17:24 AM
I-485|131A|Employment-based adjustment of status applications|Employment-based adjustment of status applications|KAN|Kansas City, MO|31.5|34.5|Jan 10, 2022|Oct 12, 2021|Aug 12, 2024 07:17:24 AM
I-485|131A|Employment-based adjustment of status applications|Employment-based adjustment of status applications|KND|Kendall, FL|15.0|28.5|May 20, 2023|Apr 10, 2022|Aug 12, 2024 07:17:24 AM
I-485|131A|Employment-based adjustment of status applications|Employment-based adjustment of status applications|LVG|Las Vegas, NV|70.0|70.5|Nov 12, 2018|Oct 28, 2018|Aug 12, 2024 07:17:24 AM
I-485|131A|Employment-based adjustment of status applications|Employment-based adjustment of status applications|LAW|Lawrence, MA|7.5|17.0|Dec 31, 2023|Mar 21, 2023|Aug 12, 2024 07:17:24 AM
I-485|131A|Employment-based adjustment of status applications|Employment-based adjustment of status applications|LNY|Long Island, NY|7.5|12.0|Dec 31, 2023|Aug 18, 2023|Aug 12, 2024 07:17:24 AM
I-485|131A|Employment-based adjustment of status applications|Employment-based adjustment of status applications|LOS|Los Angeles, CA|10.0|19.5|Oct 17, 2023|Jan 05, 2023|Aug 12, 2024 07:17:24 AM
I-485|131A|Employment-based adjustment of status applications|Employment-based adjustment of status applications|LAC|Los Angeles County, CA|9.0|18.0|Nov 16, 2023|Feb 19, 2023|Aug 12, 2024 07:17:24 AM
I-485|131A|Employment-based adjustment of status applications|Employment-based adjustment of status applications|LOU|Louisville, KY|8.0|13.0|Dec 16, 2023|Jul 19, 2023|Aug 12, 2024 07:17:24 AM
I-485|131A|Employment-based adjustment of status applications|Employment-based adjustment of status applications|MAN|Manchester, NH|7.5|12.5|Dec 31, 2023|Aug 03, 2023|Aug 12, 2024 07:17:24 AM
I-485|131A|Employment-based adjustment of status applications|Employment-based adjustment of status applications|MEM|Memphis, TN|28.5|31.0|Apr 10, 2022|Jan 25, 2022|Aug 12, 2024 07:17:24 AM
I-485|131A|Employment-based adjustment of status applications|Employment-based adjustment of status applications|MIA|Miami, FL|22.5|35.5|Oct 07, 2022|Sep 12, 2021|Aug 12, 2024 07:17:24 AM
I-485|131A|Employment-based adjustment of status applications|Employment-based adjustment of status applications|MIL|Milwaukee, WI|29.0|55.0|Mar 26, 2022|Feb 05, 2020|Aug 12, 2024 07:17:24 AM
I-485|131A|Employment-based adjustment of status applications|Employment-based adjustment of status applications|SPM|Minneapolis-St. Paul, MN|16.0|35.0|Apr 20, 2023|Sep 27, 2021|Aug 12, 2024 07:17:24 AM
I-485|131A|Employment-based adjustment of status applications|Employment-based adjustment of status applications|MGA|Montgomery, AL|28.0|44.5|Apr 25, 2022|Dec 16, 2020|Aug 12, 2024 07:17:24 AM
I-485|131A|Employment-based adjustment of status applications|Employment-based adjustment of status applications|MTL|Mount Laurel, NJ|8.0|14.0|Dec 16, 2023|Jun 19, 2023|Aug 12, 2024 07:17:24 AM
I-485|131A|Employment-based adjustment of status applications|Employment-based adjustment of status applications|NTN|Nashville, TN|29.5|36.0|Mar 11, 2022|Aug 28, 2021|Aug 12, 2024 07:17:24 AM
I-485|131A|Employment-based adjustment of status applications|Employment-based adjustment of status applications|NEW|Newark, NJ|13.0|22.5|Jul 19, 2023|Oct 07, 2022|Aug 12, 2024 07:17:24 AM
I-485|131A|Employment-based adjustment of status applications|Employment-based adjustment of status applications|NOL|New Orleans, LA|25.0|34.0|Jul 24, 2022|Oct 27, 2021|Aug 12, 2024 07:17:24 AM
I-485|131A|Employment-based adjustment of status applications|Employment-based adjustment of status applications|NYC|New York City, NY|8.0|14.5|Dec 16, 2023|Jun 04, 2023|Aug 12, 2024 07:17:24 AM
I-485|131A|Employment-based adjustment of status applications|Employment-based adjustment of status applications|NOR|Norfolk, VA|41.5|65.5|Mar 16, 2021|Mar 27, 2019|Aug 12, 2024 07:17:24 AM
I-485|131A|Employment-based adjustment of status applications|Employment-based adjustment of status applications|OKL|Oakland Park, FL|45.5|57.5|Nov 16, 2020|Nov 22, 2019|Aug 12, 2024 07:17:24 AM
I-485|131A|Employment-based adjustment of status applications|Employment-based adjustment of status applications|OKC|Oklahoma City, OK|43.0|43.5|Jan 30, 2021|Jan 15, 2021|Aug 12, 2024 07:17:24 AM
I-485|131A|Employment-based adjustment of status applications|Employment-based adjustment of status applications|OMA|Omaha, NE|12.0|23.5|Aug 18, 2023|Sep 07, 2022|Aug 12, 2024 07:17:24 AM
I-485|131A|Employment-based adjustment of status applications|Employment-based adjustment of status applications|ORL|Orlando, FL|36.0|59.0|Aug 28, 2021|Oct 08, 2019|Aug 12, 2024 07:17:24 AM
I-485|131A|Employment-based adjustment of status applications|Employment-based adjustment of status applications|PHI|Philadelphia, PA|10.5|23.5|Oct 02, 2023|Sep 07, 2022|Aug 12, 2024 07:17:24 AM
I-485|131A|Employment-based adjustment of status applications|Employment-based adjustment of status applications|PHO|Phoenix, AZ|22.0|37.5|Oct 22, 2022|Jul 14, 2021|Aug 12, 2024 07:17:24 AM
I-485|131A|Employment-based adjustment of status applications|Employment-based adjustment of status applications|PIT|Pittsburgh, PA|9.0|19.0|Nov 16, 2023|Jan 20, 2023|Aug 12, 2024 07:17:24 AM
I-485|131A|Employment-based adjustment of status applications|Employment-based adjustment of status applications|POM|Portland, ME|7.0|10.5|Jan 15, 2024|Oct 02, 2023|Aug 12, 2024 07:17:24 AM
I-485|131A|Employment-based adjustment of status applications|Employment-based adjustment of status applications|POO|Portland, OR|8.5|13.5|Dec 01, 2023|Jul 04, 2023|Aug 12, 2024 07:17:24 AM
I-485|131A|Employment-based adjustment of status applications|Employment-based adjustment of status applications|PRO|Providence, RI|8.5|13.0|Dec 01, 2023|Jul 19, 2023|Aug 12, 2024 07:17:24 AM
I-485|131A|Employment-based adjustment of status applications|Employment-based adjustment of status applications|QNS|Queens, NY|8.5|14.0|Dec 01, 2023|Jun 19, 2023|Aug 12, 2024 07:17:24 AM
I-485|131A|Employment-based adjustment of status applications|Employment-based adjustment of status applications|RAL|Raleigh, NC|23.0|39.5|Sep 22, 2022|May 15, 2021|Aug 12, 2024 07:17:24 AM
I-485|131A|Employment-based adjustment of status applications|Employment-based adjustment of status applications|REN|Reno, NV|13.5|16.0|Jul 04, 2023|Apr 20, 2023|Aug 12, 2024 07:17:24 AM
I-485|131A|Employment-based adjustment of status applications|Employment-based adjustment of status applications|SAC|Sacramento, CA|11.5|16.5|Sep 02, 2023|Apr 05, 2023|Aug 12, 2024 07:17:24 AM
I-485|131A|Employment-based adjustment of status applications|Employment-based adjustment of status applications|STL|Saint Louis, MO|15.0|36.0|May 20, 2023|Aug 28, 2021|Aug 12, 2024 07:17:24 AM
I-485|131A|Employment-based adjustment of status applications|Employment-based adjustment of status applications|SLC|Salt Lake City, UT|20.0|23.0|Dec 21, 2022|Sep 22, 2022|Aug 12, 2024 07:17:24 AM
I-485|131A|Employment-based adjustment of status applications|Employment-based adjustment of status applications|SNA|San Antonio, TX|29.5|41.5|Mar 11, 2022|Mar 16, 2021|Aug 12, 2024 07:17:24 AM
I-485|131A|Employment-based adjustment of status applications|Employment-based adjustment of status applications|SBD|San Bernardino, CA|10.0|16.0|Oct 17, 2023|Apr 20, 2023|Aug 12, 2024 07:17:24 AM
I-485|131A|Employment-based adjustment of status applications|Employment-based adjustment of status applications|SND|San Diego, CA|18.5|36.5|Feb 04, 2023|Aug 13, 2021|Aug 12, 2024 07:17:24 AM
I-485|131A|Employment-based adjustment of status applications|Employment-based adjustment of status applications|SFV|San Fernando Valley, CA|7.5|15.0|Dec 31, 2023|May 20, 2023|Aug 12, 2024 07:17:24 AM
I-485|131A|Employment-based adjustment of status applications|Employment-based adjustment of status applications|SFR|San Francisco, CA|13.0|24.5|Jul 19, 2023|Aug 08, 2022|Aug 12, 2024 07:17:24 AM
I-485|131A|Employment-based adjustment of status applications|Employment-based adjustment of status applications|SNJ|San Jose, CA|10.5|16.5|Oct 02, 2023|Apr 05, 2023|Aug 12, 2024 07:17:24 AM
I-485|131A|Employment-based adjustment of status applications|Employment-based adjustment of status applications|SAJ|San Juan, PR|40.0|47.0|Apr 30, 2021|Oct 02, 2020|Aug 12, 2024 07:17:24 AM
I-485|131A|Employment-based adjustment of status applications|Employment-based adjustment of status applications|SAA|Santa Ana, CA|10.0|16.5|Oct 17, 2023|Apr 05, 2023|Aug 12, 2024 07:17:24 AM
I-485|131A|Employment-based adjustment of status applications|Employment-based adjustment of status applications|SEA|Seattle, WA|11.0|17.0|Sep 17, 2023|Mar 21, 2023|Aug 12, 2024 07:17:24 AM
I-485|131A|Employment-based adjustment of status applications|Employment-based adjustment of status applications|SPO|Spokane, WA|9.0|12.0|Nov 16, 2023|Aug 18, 2023|Aug 12, 2024 07:17:24 AM
I-485|131A|Employment-based adjustment of status applications|Employment-based adjustment of status applications|TAM|Tampa, FL|30.0|47.5|Feb 24, 2022|Sep 17, 2020|Aug 12, 2024 07:17:24 AM
I-485|131A|Employment-based adjustment of status applications|Employment-based adjustment of status applications|TUC|Tucson, AZ|41.0|55.5|Mar 31, 2021|Jan 21, 2020|Aug 12, 2024 07:17:24 AM
I-485|131A|Employment-based adjustment of status applications|Employment-based adjustment of status applications|WAS|Washington, DC|47.5|67.0|Sep 17, 2020|Feb 10, 2019|Aug 12, 2024 07:17:24 AM
I-485|131A|Employment-based adjustment of status applications|Employment-based adjustment of status applications|WPB|West Palm Beach, FL|37.0|66.0|Jul 29, 2021|Mar 12, 2019|Aug 12, 2024 07:17:24 AM
I-485|131A|Employment-based adjustment of status applications|Employment-based adjustment of status applications|WIC|Wichita, KS|13.0|16.0|Jul 19, 2023|Apr 20, 2023|Aug 12, 2024 07:17:24 AM
I-485|131A|Employment-based adjustment of status applications|Employment-based adjustment of status applications|YAK|Yakima, WA|10.0|12.0|Oct 17, 2023|Aug 18, 2023|Aug 12, 2024 07:17:24 AM
I-485|131A-FAM|Family-based adjustment of status applications|Family-based adjustment of status applications|AGA|Agana, GU|17.0|22.0|Mar 21, 2023|Oct 22, 2022|Aug 12, 2024 07:17:24 AM
I-485|131A-FAM|Family-based adjustment of status applications|Family-based adjustment of status applications|ALB|Albany, NY|17.0|23.0|Mar 21, 2023|Sep 22, 2022|Aug 12, 2024 07:17:24 AM
I-485|131A-FAM|Family-based adjustment of status applications|Family-based adjustment of status applications|ABQ|Albuquerque, NM|15.0|18.5|May 20, 2023|Feb 04, 2023|Aug 12, 2024 07:17:24 AM
I-485|131A-FAM|Family-based adjustment of status applications|Family-based adjustment of status applications|ANC|Anchorage, AK|15.0|18.5|May 20, 2023|Feb 04, 2023|Aug 12, 2024 07:17:24 AM
I-485|131A-FAM|Family-based adjustment of status applications|Family-based adjustment of status applications|ATL|Atlanta, GA|26.5|39.0|Jun 09, 2022|May 30, 2021|Aug 12, 2024 07:17:24 AM
I-485|131A-FAM|Family-based adjustment of status applications|Family-based adjustment of status applications|BAL|Baltimore, MD|32.0|46.0|Dec 26, 2021|Nov 01, 2020|Aug 12, 2024 07:17:24 AM
I-485|131A-FAM|Family-based adjustment of status applications|Family-based adjustment of status applications|BOI|Boise, ID|11.5|17.5|Sep 02, 2023|Mar 06, 2023|Aug 12, 2024 07:17:24 AM
I-485|131A-FAM|Family-based adjustment of status applications|Family-based adjustment of status applications|BOS|Boston, MA|16.0|22.5|Apr 20, 2023|Oct 07, 2022|Aug 12, 2024 07:17:24 AM
I-485|131A-FAM|Family-based adjustment of status applications|Family-based adjustment of status applications|BNY|Brooklyn, NY|17.5|42.5|Mar 06, 2023|Feb 14, 2021|Aug 12, 2024 07:17:24 AM
I-485|131A-FAM|Family-based adjustment of status applications|Family-based adjustment of status applications|BUF|Buffalo, NY|14.5|18.0|Jun 04, 2023|Feb 19, 2023|Aug 12, 2024 07:17:24 AM
I-485|131A-FAM|Family-based adjustment of status applications|Family-based adjustment of status applications|STA|Burlington, VT|9.5|15.0|Nov 01, 2023|May 20, 2023|Aug 12, 2024 07:17:24 AM
I-485|131A-FAM|Family-based adjustment of status applications|Family-based adjustment of status applications|CHL|Charleston, SC|27.0|33.5|May 25, 2022|Nov 11, 2021|Aug 12, 2024 07:17:24 AM
I-485|131A-FAM|Family-based adjustment of status applications|Family-based adjustment of status applications|CHA|Charlotte Amalie, VI|17.5|24.0|Mar 06, 2023|Aug 23, 2022|Aug 12, 2024 07:17:24 AM
I-485|131A-FAM|Family-based adjustment of status applications|Family-based adjustment of status applications|CLT|Charlotte, NC|21.0|30.0|Nov 21, 2022|Feb 24, 2022|Aug 12, 2024 07:17:24 AM
I-485|131A-FAM|Family-based adjustment of status applications|Family-based adjustment of status applications|CHI|Chicago, IL|22.0|37.0|Oct 22, 2022|Jul 29, 2021|Aug 12, 2024 07:17:24 AM
I-485|131A-FAM|Family-based adjustment of status applications|Family-based adjustment of status applications|CHR|Christiansted, VI|13.5|14.0|Jul 04, 2023|Jun 19, 2023|Aug 12, 2024 07:17:24 AM
I-485|131A-FAM|Family-based adjustment of status applications|Family-based adjustment of status applications|CIN|Cincinnati, OH|17.5|23.0|Mar 06, 2023|Sep 22, 2022|Aug 12, 2024 07:17:24 AM
I-485|131A-FAM|Family-based adjustment of status applications|Family-based adjustment of status applications|CLE|Cleveland, OH|16.0|21.0|Apr 20, 2023|Nov 21, 2022|Aug 12, 2024 07:17:24 AM
I-485|131A-FAM|Family-based adjustment of status applications|Family-based adjustment of status applications|CLM|Columbus, OH|12.5|15.5|Aug 03, 2023|May 05, 2023|Aug 12, 2024 07:17:24 AM
I-485|131A-FAM|Family-based adjustment of status applications|Family-based adjustment of status applications|DAL|Dallas, TX|19.0|30.0|Jan 20, 2023|Feb 24, 2022|Aug 12, 2024 07:17:24 AM
I-485|131A-FAM|Family-based adjustment of status applications|Family-based adjustment of status applications|DEN|Denver, CO|17.5|27.0|Mar 06, 2023|May 25, 2022|Aug 12, 2024 07:17:24 AM
I-485|131A-FAM|Family-based adjustment of status applications|Family-based adjustment of status applications|DSM|Des Moines IA|18.0|25.0|Feb 19, 2023|Jul 24, 2022|Aug 12, 2024 07:17:24 AM
I-485|131A-FAM|Family-based adjustment of status applications|Family-based adjustment of status applications|DET|Detroit, MI|13.5|17.0|Jul 04, 2023|Mar 21, 2023|Aug 12, 2024 07:17:24 AM
I-485|131A-FAM|Family-based adjustment of status applications|Family-based adjustment of status applications|ELP|El Paso, TX|13.0|18.5|Jul 19, 2023|Feb 04, 2023|Aug 12, 2024 07:17:24 AM
I-485|131A-FAM|Family-based adjustment of status applications|Family-based adjustment of status applications|OFM|Fort Myers, FL|22.5|31.0|Oct 07, 2022|Jan 25, 2022|Aug 12, 2024 07:17:24 AM
I-485|131A-FAM|Family-based adjustment of status applications|Family-based adjustment of status applications|FSA|Fort Smith, AR|14.0|19.0|Jun 19, 2023|Jan 20, 2023|Aug 12, 2024 07:17:24 AM
I-485|131A-FAM|Family-based adjustment of status applications|Family-based adjustment of status applications|FRE|Fresno, CA|16.5|22.5|Apr 05, 2023|Oct 07, 2022|Aug 12, 2024 07:17:24 AM
I-485|131A-FAM|Family-based adjustment of status applications|Family-based adjustment of status applications|GRR|Greer, SC|16.0|21.5|Apr 20, 2023|Nov 06, 2022|Aug 12, 2024 07:17:24 AM
I-485|131A-FAM|Family-based adjustment of status applications|Family-based adjustment of status applications|HLG|Harlingen, TX|15.5|23.0|May 05, 2023|Sep 22, 2022|Aug 12, 2024 07:17:24 AM
I-485|131A-FAM|Family-based adjustment of status applications|Family-based adjustment of status applications|HAR|Hartford, CT|15.0|23.0|May 20, 2023|Sep 22, 2022|Aug 12, 2024 07:17:24 AM
I-485|131A-FAM|Family-based adjustment of status applications|Family-based adjustment of status applications|HEL|Helena, MT|16.0|20.5|Apr 20, 2023|Dec 06, 2022|Aug 12, 2024 07:17:24 AM
I-485|131A-FAM|Family-based adjustment of status applications|Family-based adjustment of status applications|HIA|Hialeah, FL|14.5|21.0|Jun 04, 2023|Nov 21, 2022|Aug 12, 2024 07:17:24 AM
I-485|131A-FAM|Family-based adjustment of status applications|Family-based adjustment of status applications|HHW|Honolulu, HI|15.5|21.5|May 05, 2023|Nov 06, 2022|Aug 12, 2024 07:17:24 AM
I-485|131A-FAM|Family-based adjustment of status applications|Family-based adjustment of status applications|HOU|Houston, TX|22.5|30.0|Oct 07, 2022|Feb 24, 2022|Aug 12, 2024 07:17:24 AM
I-485|131A-FAM|Family-based adjustment of status applications|Family-based adjustment of status applications|IMP|Imperial, CA|16.0|19.5|Apr 20, 2023|Jan 05, 2023|Aug 12, 2024 07:17:24 AM
I-485|131A-FAM|Family-based adjustment of status applications|Family-based adjustment of status applications|INP|Indianapolis, IN|15.5|22.5|May 05, 2023|Oct 07, 2022|Aug 12, 2024 07:17:24 AM
I-485|131A-FAM|Family-based adjustment of status applications|Family-based adjustment of status applications|JAC|Jacksonville, FL|23.5|36.5|Sep 07, 2022|Aug 13, 2021|Aug 12, 2024 07:17:24 AM
I-485|131A-FAM|Family-based adjustment of status applications|Family-based adjustment of status applications|KAN|Kansas City, MO|18.0|26.0|Feb 19, 2023|Jun 24, 2022|Aug 12, 2024 07:17:24 AM
I-485|131A-FAM|Family-based adjustment of status applications|Family-based adjustment of status applications|KND|Kendall, FL|17.5|26.5|Mar 06, 2023|Jun 09, 2022|Aug 12, 2024 07:17:24 AM
I-485|131A-FAM|Family-based adjustment of status applications|Family-based adjustment of status applications|LVG|Las Vegas, NV|18.5|27.5|Feb 04, 2023|May 10, 2022|Aug 12, 2024 07:17:24 AM
I-485|131A-FAM|Family-based adjustment of status applications|Family-based adjustment of status applications|LAW|Lawrence, MA|15.0|22.5|May 20, 2023|Oct 07, 2022|Aug 12, 2024 07:17:24 AM
I-485|131A-FAM|Family-based adjustment of status applications|Family-based adjustment of status applications|LNY|Long Island, NY|14.0|21.0|Jun 19, 2023|Nov 21, 2022|Aug 12, 2024 07:17:24 AM
I-485|131A-FAM|Family-based adjustment of status applications|Family-based adjustment of status applications|LOS|Los Angeles, CA|14.0|21.5|Jun 19, 2023|Nov 06, 2022|Aug 12, 2024 07:17:24 AM
I-485|131A-FAM|Family-based adjustment of status applications|Family-based adjustment of status applications|LAC|Los Angeles County, CA|13.5|18.0|Jul 04, 2023|Feb 19, 2023|Aug 12, 2024 07:17:24 AM
I-485|131A-FAM|Family-based adjustment of status applications|Family-based adjustment of status applications|LOU|Louisville, KY|18.0|22.5|Feb 19, 2023|Oct 07, 2022|Aug 12, 2024 07:17:24 AM
I-485|131A-FAM|Family-based adjustment of status applications|Family-based adjustment of status applications|MAN|Manchester, NH|17.0|19.0|Mar 21, 2023|Jan 20, 2023|Aug 12, 2024 07:17:24 AM
I-485|131A-FAM|Family-based adjustment of status applications|Family-based adjustment of status applications|MEM|Memphis, TN|14.5|25.0|Jun 04, 2023|Jul 24, 2022|Aug 12, 2024 07:17:24 AM
I-485|131A-FAM|Family-based adjustment of status applications|Family-based adjustment of status applications|MIA|Miami, FL|26.5|49.0|Jun 09, 2022|Aug 03, 2020|Aug 12, 2024 07:17:24 AM
I-485|131A-FAM|Family-based adjustment of status applications|Family-based adjustment of status applications|MIL|Milwaukee, WI|18.0|27.5|Feb 19, 2023|May 10, 2022|Aug 12, 2024 07:17:24 AM
I-485|131A-FAM|Family-based adjustment of status applications|Family-based adjustment of status applications|SPM|Minneapolis-St. Paul, MN|16.5|34.0|Apr 05, 2023|Oct 27, 2021|Aug 12, 2024 07:17:24 AM
I-485|131A-FAM|Family-based adjustment of status applications|Family-based adjustment of status applications|MGA|Montgomery, AL|20.0|29.5|Dec 21, 2022|Mar 11, 2022|Aug 12, 2024 07:17:24 AM
I-485|131A-FAM|Family-based adjustment of status applications|Family-based adjustment of status applications|MTL|Mount Laurel, NJ|18.5|26.0|Feb 04, 2023|Jun 24, 2022|Aug 12, 2024 07:17:24 AM
I-485|131A-FAM|Family-based adjustment of status applications|Family-based adjustment of status applications|NTN|Nashville, TN|25.5|33.0|Jul 09, 2022|Nov 26, 2021|Aug 12, 2024 07:17:24 AM
I-485|131A-FAM|Family-based adjustment of status applications|Family-based adjustment of status applications|NEW|Newark, NJ|19.0|34.0|Jan 20, 2023|Oct 27, 2021|Aug 12, 2024 07:17:24 AM
I-485|131A-FAM|Family-based adjustment of status applications|Family-based adjustment of status applications|NOL|New Orleans, LA|30.0|42.5|Feb 24, 2022|Feb 14, 2021|Aug 12, 2024 07:17:24 AM
I-485|131A-FAM|Family-based adjustment of status applications|Family-based adjustment of status applications|NYC|New York City, NY|16.5|27.0|Apr 05, 2023|May 25, 2022|Aug 12, 2024 07:17:24 AM
I-485|131A-FAM|Family-based adjustment of status applications|Family-based adjustment of status applications|NOR|Norfolk, VA|31.0|43.5|Jan 25, 2022|Jan 15, 2021|Aug 12, 2024 07:17:24 AM
I-485|131A-FAM|Family-based adjustment of status applications|Family-based adjustment of status applications|OKL|Oakland Park, FL|23.0|34.5|Sep 22, 2022|Oct 12, 2021|Aug 12, 2024 07:17:24 AM
I-485|131A-FAM|Family-based adjustment of status applications|Family-based adjustment of status applications|OKC|Oklahoma City, OK|15.0|19.5|May 20, 2023|Jan 05, 2023|Aug 12, 2024 07:17:24 AM
I-485|131A-FAM|Family-based adjustment of status applications|Family-based adjustment of status applications|OMA|Omaha, NE|15.0|21.0|May 20, 2023|Nov 21, 2022|Aug 12, 2024 07:17:24 AM
I-485|131A-FAM|Family-based adjustment of status applications|Family-based adjustment of status applications|ORL|Orlando, FL|21.5|30.0|Nov 06, 2022|Feb 24, 2022|Aug 12, 2024 07:17:24 AM
I-485|131A-FAM|Family-based adjustment of status applications|Family-based adjustment of status applications|PHI|Philadelphia, PA|15.0|22.5|May 20, 2023|Oct 07, 2022|Aug 12, 2024 07:17:24 AM
I-485|131A-FAM|Family-based adjustment of status applications|Family-based adjustment of status applications|PHO|Phoenix, AZ|15.5|22.0|May 05, 2023|Oct 22, 2022|Aug 12, 2024 07:17:24 AM
I-485|131A-FAM|Family-based adjustment of status applications|Family-based adjustment of status applications|PIT|Pittsburgh, PA|13.5|20.0|Jul 04, 2023|Dec 21, 2022|Aug 12, 2024 07:17:24 AM
I-485|131A-FAM|Family-based adjustment of status applications|Family-based adjustment of status applications|POM|Portland, ME|16.0|18.5|Apr 20, 2023|Feb 04, 2023|Aug 12, 2024 07:17:24 AM
I-485|131A-FAM|Family-based adjustment of status applications|Family-based adjustment of status applications|POO|Portland, OR|16.0|23.0|Apr 20, 2023|Sep 22, 2022|Aug 12, 2024 07:17:24 AM
I-485|131A-FAM|Family-based adjustment of status applications|Family-based adjustment of status applications|PRO|Providence, RI|15.0|23.5|May 20, 2023|Sep 07, 2022|Aug 12, 2024 07:17:24 AM
I-485|131A-FAM|Family-based adjustment of status applications|Family-based adjustment of status applications|QNS|Queens, NY|16.5|30.0|Apr 05, 2023|Feb 24, 2022|Aug 12, 2024 07:17:24 AM
I-485|131A-FAM|Family-based adjustment of status applications|Family-based adjustment of status applications|RAL|Raleigh, NC|27.0|34.5|May 25, 2022|Oct 12, 2021|Aug 12, 2024 07:17:24 AM
I-485|131A-FAM|Family-based adjustment of status applications|Family-based adjustment of status applications|REN|Reno, NV|16.0|19.5|Apr 20, 2023|Jan 05, 2023|Aug 12, 2024 07:17:24 AM
I-485|131A-FAM|Family-based adjustment of status applications|Family-based adjustment of status applications|SAC|Sacramento, CA|17.5|26.5|Mar 06, 2023|Jun 09, 2022|Aug 12, 2024 07:17:24 AM
I-485|131A-FAM|Family-based adjustment of status applications|Family-based adjustment of status applications|STL|Saint Louis, MO|13.5|17.0|Jul 04, 2023|Mar 21, 2023|Aug 12, 2024 07:17:24 AM
I-485|131A-FAM|Family-based adjustment of status applications|Family-based adjustment of status applications|SLC|Salt Lake City, UT|30.5|35.5|Feb 09, 2022|Sep 12, 2021|Aug 12, 2024 07:17:24 AM
I-485|131A-FAM|Family-based adjustment of status applications|Family-based adjustment of status applications|SNA|San Antonio, TX|17.0|25.5|Mar 21, 2023|Jul 09, 2022|Aug 12, 2024 07:17:24 AM
I-485|131A-FAM|Family-based adjustment of status applications|Family-based adjustment of status applications|SBD|San Bernardino, CA|12.5|18.0|Aug 03, 2023|Feb 19, 2023|Aug 12, 2024 07:17:24 AM
I-485|131A-FAM|Family-based adjustment of status applications|Family-based adjustment of status applications|SND|San Diego, CA|19.0|28.0|Jan 20, 2023|Apr 25, 2022|Aug 12, 2024 07:17:24 AM
I-485|131A-FAM|Family-based adjustment of status applications|Family-based adjustment of status applications|SFV|San Fernando Valley, CA|11.0|18.0|Sep 17, 2023|Feb 19, 2023|Aug 12, 2024 07:17:24 AM
I-485|131A-FAM|Family-based adjustment of status applications|Family-based adjustment of status applications|SFR|San Francisco, CA|18.0|30.5|Feb 19, 2023|Feb 09, 2022|Aug 12, 2024 07:17:24 AM
I-485|131A-FAM|Family-based adjustment of status applications|Family-based adjustment of status applications|SNJ|San Jose, CA|13.5|18.5|Jul 04, 2023|Feb 04, 2023|Aug 12, 2024 07:17:24 AM
I-485|131A-FAM|Family-based adjustment of status applications|Family-based adjustment of status applications|SAJ|San Juan, PR|20.5|30.5|Dec 06, 2022|Feb 09, 2022|Aug 12, 2024 07:17:24 AM
I-485|131A-FAM|Family-based adjustment of status applications|Family-based adjustment of status applications|SAA|Santa Ana, CA|12.5|17.5|Aug 03, 2023|Mar 06, 2023|Aug 12, 2024 07:17:24 AM
I-485|131A-FAM|Family-based adjustment of status applications|Family-based adjustment of status applications|SEA|Seattle, WA|15.0|30.0|May 20, 2023|Feb 24, 2022|Aug 12, 2024 07:17:24 AM
I-485|131A-FAM|Family-based adjustment of status applications|Family-based adjustment of status applications|SPO|Spokane, WA|16.5|19.0|Apr 05, 2023|Jan 20, 2023|Aug 12, 2024 07:17:24 AM
I-485|131A-FAM|Family-based adjustment of status applications|Family-based adjustment of status applications|TAM|Tampa, FL|16.5|21.0|Apr 05, 2023|Nov 21, 2022|Aug 12, 2024 07:17:24 AM
I-485|131A-FAM|Family-based adjustment of status applications|Family-based adjustment of status applications|TUC|Tucson, AZ|12.5|17.0|Aug 03, 2023|Mar 21, 2023|Aug 12, 2024 07:17:24 AM
I-485|131A-FAM|Family-based adjustment of status applications|Family-based adjustment of status applications|WAS|Washington, DC|24.0|30.5|Aug 23, 2022|Feb 09, 2022|Aug 12, 2024 07:17:24 AM
I-485|131A-FAM|Family-based adjustment of status applications|Family-based adjustment of status applications|WPB|West Palm Beach, FL|16.5|26.0|Apr 05, 2023|Jun 24, 2022|Aug 12, 2024 07:17:24 AM
I-485|131A-FAM|Family-based adjustment of status applications|Family-based adjustment of status applications|WIC|Wichita, KS|17.0|22.0|Mar 21, 2023|Oct 22, 2022|Aug 12, 2024 07:17:24 AM
I-485|131A-FAM|Family-based adjustment of status applications|Family-based adjustment of status applications|YAK|Yakima, WA|13.5|19.0|Jul 04, 2023|Jan 20, 2023|Aug 12, 2024 07:17:24 AM
I-612|144A|Application for a waiver of the 2-year foreign residence requirement based on exceptional hardship or persecution|Waiver of 2-year foreign residence requirement based on hardship/persecution|CSC|California Service Center|18.0|19.5|Feb 19, 2023|Jan 05, 2023|Aug 12, 2024 07:17:24 AM
I-612|144D|Application for a waiver of the 2-year foreign residence requirement|Waiver of 2-year foreign residence requirement|ESC|Vermont Service Center|4.0|4.0|Apr 14, 2024|Apr 14, 2024|Aug 12, 2024 07:17:24 AM
I-140|136A-E11|Extraordinary ability (E11)|Extraordinary ability (E11)|NSC|Nebraska Service Center|13.0|19.0|Jul 19, 2023|Jan 20, 2023|Aug 12, 2024 07:17:24 AM
I-140|136A-E11|Extraordinary ability (E11)|Extraordinary ability (E11)|SSC|Texas Service Center|15.0|21.0|May 20, 2023|Nov 21, 2022|Aug 12, 2024 07:17:24 AM
I-140|136A-E12|Outstanding professor or researcher (E12)|Outstanding professor/researcher (E12)|NSC|Nebraska Service Center|10.5|12.5|Oct 02, 2023|Aug 03, 2023|Aug 12, 2024 07:17:24 AM
I-140|136A-E12|Outstanding professor or researcher (E12)|Outstanding professor/researcher (E12)|SSC|Texas Service Center|9.5|11.5|Nov 01, 2023|Sep 02, 2023|Aug 12, 2024 07:17:24 AM
I-140|136A-E13|Multinational executive or manager (E13)|Multinational executive/manager (E13)|NSC|Nebraska Service Center|10.5|12.5|Oct 02, 2023|Aug 03, 2023|Aug 12, 2024 07:17:24 AM
I-140|136A-E13|Multinational executive or manager (E13)|Multinational executive/manager (E13)|SSC|Texas Service Center|9.0|12.5|Nov 16, 2023|Aug 03, 2023|Aug 12, 2024 07:17:24 AM
I-140|136A-E21|Advanced degree or exceptional ability (E21)|Advanced degree/exceptional ability (E21)|NSC|Nebraska Service Center|7.5|8.5|Dec 31, 2023|Dec 01, 2023|Aug 12, 2024 07:17:24 AM
I-140|136A-E21|Advanced degree or exceptional ability (E21)|Advanced degree/exceptional ability (E21)|SSC|Texas Service Center|8.0|10.0|Dec 16, 2023|Oct 17, 2023|Aug 12, 2024 07:17:24 AM
I-140|136A-E31|Skilled worker or professional (E31; E32)|Skilled worker/professional (E31; E32)|NSC|Nebraska Service Center|7.5|8.5|Dec 31, 2023|Dec 01, 2023|Aug 12, 2024 07:17:24 AM
I-140|136A-E31|Skilled worker or professional (E31; E32)|Skilled worker/professional (E31; E32)|SSC|Texas Service Center|8.0|10.0|Dec 16, 2023|Oct 17, 2023|Aug 12, 2024 07:17:24 AM
I-140|136A-EW3|Unskilled worker (EW3)|Unskilled worker (EW3)|NSC|Nebraska Service Center|8.5|9.5|Dec 01, 2023|Nov 01, 2023|Aug 12, 2024 07:17:24 AM
I-140|136A-EW3|Unskilled worker (EW3)|Unskilled worker (EW3)|SSC|Texas Service Center|8.0|14.5|Dec 16, 2023|Jun 04, 2023|Aug 12, 2024 07:17:24 AM
I-140|136A-NIW|Advanced degree or exceptional ability requesting National Interest Waiver (NIW)|Advanced degree/exceptional ability requesting NIW|NSC|Nebraska Service Center|10.5|14.0|Oct 02, 2023|Jun 19, 2023|Aug 12, 2024 07:17:24 AM
I-140|136A-NIW|Advanced degree or exceptional ability requesting National Interest Waiver (NIW)|Advanced degree/exceptional ability requesting NIW|SSC|Texas Service Center|9.0|14.5|Nov 16, 2023|Jun 04, 2023|Aug 12, 2024 07:17:24 AM
I-140|136A-NUR|Schedule A Nurses|Schedule A Nurses|NSC|Nebraska Service Center|11.5|12.0|Sep 02, 2023|Aug 18, 2023|Aug 12, 2024 07:17:24 AM
I-140|136A-NUR|Schedule A Nurses|Schedule A Nurses|SSC|Texas Service Center|8.5|10.0|Dec 01, 2023|Oct 17, 2023|Aug 12, 2024 07:17:24 AM
I-130|134A-F21|Permanent resident filing for a spouse or child under 21|Permanent resident filing for spouse/child under 21|NBC|National Benefits Center|54.0|62.0|Mar 06, 2020|Jul 10, 2019|Aug 12, 2024 07:17:24 AM
I-130|134A-F21|Permanent resident filing for a spouse or child under 21|Permanent resident filing for spouse/child under 21|FOD|All Field Offices|80.0|93.0|Jan 16, 2018|Dec 22, 2016|Aug 12, 2024 07:17:24 AM
I-130|134A-IR|US citizen filing for a spouse, parent, or child under 21|US citizen filing for spouse/parent/child under 21|SCD|All Service Centers|15.0|22.5|May 20, 2023|Oct 07, 2022|Aug 12, 2024 07:17:24 AM
I-130|134A-IR|US citizen filing for a spouse, parent, or child under 21|US citizen filing for spouse/parent/child under 21|NBC|National Benefits Center|40.0|54.0|Apr 30, 2021|Mar 06, 2020|Aug 12, 2024 07:17:24 AM
I-130|134A-IR|US citizen filing for a spouse, parent, or child under 21|US citizen filing for spouse/parent/child under 21|FOD|All Field Offices|60.5|78.5|Aug 24, 2019|Mar 02, 2018|Aug 12, 2024 07:17:24 AM
I-130|134B-F11|US citizen filing for unmarried son/daughter 21 or older|US citizen filing for unmarried adult child|NBC|National Benefits Center|61.5|78.5|Jul 25, 2019|Mar 02, 2018|Aug 12, 2024 07:17:24 AM
I-130|134B-F11|US citizen filing for unmarried son/daughter 21 or older|US citizen filing for unmarried adult child|FOD|All Field Offices|85.5|132.0|Aug 04, 2017|Oct 09, 2013|Aug 12, 2024 07:17:24 AM
I-130|134B-F24|Permanent resident for unmarried son or daughter 21 or older|Permanent resident filing for unmarried adult child|NBC|National Benefits Center|52.0|53.0|May 05, 2020|Apr 05, 2020|Aug 12, 2024 07:17:24 AM
I-130|134B-F24|Permanent resident for unmarried son or daughter 21 or older|Permanent resident filing for unmarried adult child|FOD|All Field Offices|102.5|161.5|Mar 12, 2016|May 08, 2011|Aug 12, 2024 07:17:24 AM
I-130|134B-F31|US citizen filing for a married son or daughter|US citizen filing for married child|NBC|National Benefits Center|55.0|65.5|Feb 05, 2020|Mar 27, 2019|Aug 12, 2024 07:17:24 AM
I-130|134B-F31|US citizen filing for a married son or daughter|US citizen filing for married child|FOD|All Field Offices|119.5|137.0|Oct 19, 2014|May 12, 2013|Aug 12, 2024 07:17:24 AM
I-130|134B-F41|US citizen filing for a brother or sister|US citizen filing for sibling|NBC|National Benefits Center|56.0|57.0|Jan 06, 2020|Dec 07, 2019|Aug 12, 2024 07:17:24 AM
I-130|134B-F41|US citizen filing for a brother or sister|US citizen filing for sibling|FOD|All Field Offices|91.5|153.0|Feb 05, 2017|Jan 18, 2012|Aug 12, 2024 07:17:24 AM
I-131|141A-RT|Re-entry permit or refugee travel document|Re-entry permit or refugee travel document|NSC|Nebraska Service Center|15.0|16.5|May 20, 2023|Apr 05, 2023|Aug 12, 2024 07:17:24 AM
I-131|141B-OTH|Advance parole|Advance parole|CSC|California Service Center|14.0|21.0|Jun 19, 2023|Nov 21, 2022|Aug 12, 2024 07:17:24 AM
I-131|141B-OTH|Advance parole|Advance parole|SSC|Texas Service Center|27.0|32.0|May 25, 2022|Dec 26, 2021|Aug 12, 2024 07:17:24 AM
I-131|141B-OTH|Advance parole|Advance parole|ESC|Vermont Service Center|8.0|10.5|Dec 16, 2023|Oct 02, 2023|Aug 12, 2024 07:17:24 AM
I-131|141B-OTH|Advance parole|Advance parole|NSC|Nebraska Service Center|4.0|7.5|Apr 14, 2024|Dec 31, 2023|Aug 12, 2024 07:17:24 AM
I-131|141B-OTH|Advance parole|Advance parole|NBC|National Benefits Center|12.0|14.5|Aug 18, 2023|Jun 04, 2023|Aug 12, 2024 07:17:24 AM
I-129|137-H1B1|H-1B - Specialty occupation - Visa to be issued abroad|H-1B - Specialty occupation - Visa issued abroad|CSC|California Service Center|6.5|8.5|Jan 30, 2024|Dec 01, 2023|Aug 12, 2024 07:17:24 AM
I-129|137-H1B1|H-1B - Specialty occupation - Visa to be issued abroad|H-1B - Specialty occupation - Visa issued abroad|SSC|Texas Service Center|6.5|8.5|Jan 30, 2024|Dec 01, 2023|Aug 12, 2024 07:17:24 AM
I-129|137-H1B1|H-1B - Specialty occupation - Visa to be issued abroad|H-1B - Specialty occupation - Visa issued abroad|ESC|Vermont Service Center|7.5|8.5|Dec 31, 2023|Dec 01, 2023|Aug 12, 2024 07:17:24 AM
I-129|137-H1B2|H-1B - Specialty occupation - Change of status in the U.S.|H-1B - Specialty occupation - Change of status in U.S.|CSC|California Service Center|3.5|5.5|Apr 29, 2024|Feb 29, 2024|Aug 12, 2024 07:17:24 AM
I-129|137-H1B2|H-1B - Specialty occupation - Change of status in the U.S.|H-1B - Specialty occupation - Change of status in U.S.|SSC|Texas Service Center|4.0|5.0|Apr 14, 2024|Mar 15, 2024|Aug 12, 2024 07:17:24 AM
I-129|137-H1B2|H-1B - Specialty occupation - Change of status in the U.S.|H-1B - Specialty occupation - Change of status in U.S.|ESC|Vermont Service Center|5.0|7.5|Mar 15, 2024|Dec 31, 2023|Aug 12, 2024 07:17:24 AM
I-129|137-H1B3|H-1B - Specialty occupation - Extension of stay in the U.S.|H-1B - Specialty occupation - Extension of stay in U.S.|CSC|California Service Center|3.0|4.0|May 14, 2024|Apr 14, 2024|Aug 12, 2024 07:17:24 AM
I-129|137-H1B3|H-1B - Specialty occupation - Extension of stay in the U.S.|H-1B - Specialty occupation - Extension of stay in U.S.|SSC|Texas Service Center|6.0|6.5|Feb 14, 2024|Jan 30, 2024|Aug 12, 2024 07:17:24 AM
I-129|137-H1B3|H-1B - Specialty occupation - Extension of stay in the U.S.|H-1B - Specialty occupation - Extension of stay in U.S.|ESC|Vermont Service Center|7.0|7.5|Jan 15, 2024|Dec 31, 2023|Aug 12, 2024 07:17:24 AM
I-129|137-H1B3|H-1B - Specialty occupation - Extension of stay in the U.S.|H-1B - Specialty occupation - Extension of stay in U.S.|NSC|Nebraska Service Center|2.5|3.0|May 29, 2024|May 14, 2024|Aug 12, 2024 07:17:24 AM
I-129|137-L|Intracompany transferees and blanket L|L - Intracompany transferees and blanket L|CSC|California Service Center|4.5|5.5|Mar 30, 2024|Feb 29, 2024|Aug 12, 2024 07:17:24 AM
I-129|137-L|Intracompany transferees and blanket L|L - Intracompany transferees and blanket L|SSC|Texas Service Center|5.0|7.5|Mar 15, 2024|Dec 31, 2023|Aug 12, 2024 07:17:24 AM
I-129|137-E|E - Treaty traders and investors|E - Treaty traders and investors|CSC|California Service Center|6.5|11.5|Jan 30, 2024|Sep 02, 2023|Aug 12, 2024 07:17:24 AM
I-129|137-E3|E3 - Specialty occupation workers from Australia|E3 - Specialty occupation workers from Australia|ESC|Vermont Service Center|3.0|6.5|May 14, 2024|Jan 30, 2024|Aug 12, 2024 07:17:24 AM
I-129|137-H2A|H-2A - Temporary agricultural workers|H-2A - Temporary agricultural workers|CSC|California Service Center|15.0|1.0|May 20, 2023|Jul 13, 2024|Aug 12, 2024 07:17:24 AM
I-129|137-H2B|H-2B - Temporary nonagricultural workers|H-2B - Temporary nonagricultural workers|CSC|California Service Center|1.5|3.0|Jun 28, 2024|May 14, 2024|Aug 12, 2024 07:17:24 AM
I-129|137-H2B|H-2B - Temporary nonagricultural workers|H-2B - Temporary nonagricultural workers|ESC|Vermont Service Center|2.5|4.5|May 29, 2024|Mar 30, 2024|Aug 12, 2024 07:17:24 AM
I-129|137-H3|H-3 - Temporary trainees|H-3 - Temporary trainees|CSC|California Service Center|12.5|21.5|Aug 03, 2023|Nov 06, 2022|Aug 12, 2024 07:17:24 AM
I-129|137-H3|H-3 - Temporary trainees|H-3 - Temporary trainees|ESC|Vermont Service Center|6.0|12.5|Feb 14, 2024|Aug 03, 2023|Aug 12, 2024 07:17:24 AM
I-129|137-O|O - Extraordinary ability|O - Extraordinary ability|CSC|California Service Center|6.0|9.5|Feb 14, 2024|Nov 01, 2023|Aug 12, 2024 07:17:24 AM
I-129|137-O|O - Extraordinary ability|O - Extraordinary ability|ESC|Vermont Service Center|2.5|5.5|May 29, 2024|Feb 29, 2024|Aug 12, 2024 07:17:24 AM
I-129|137-P|P - Athletes, artists, and entertainers|P - Athletes, artists, entertainers|CSC|California Service Center|6.0|12.5|Feb 14, 2024|Aug 03, 2023|Aug 12, 2024 07:17:24 AM
I-129|137-P|P - Athletes, artists, and entertainers|P - Athletes, artists, entertainers|ESC|Vermont Service Center|2.0|4.5|Jun 13, 2024|Mar 30, 2024|Aug 12, 2024 07:17:24 AM
I-129|137-Q|Q - Cultural exchange visitors|Q - Cultural exchange visitors|CSC|California Service Center|12.0|23.5|Aug 18, 2023|Sep 07, 2022|Aug 12, 2024 07:17:24 AM
I-129|137-Q|Q - Cultural exchange visitors|Q - Cultural exchange visitors|ESC|Vermont Service Center|12.0|23.5|Aug 18, 2023|Sep 07, 2022|Aug 12, 2024 07:17:24 AM
I-129|137-R|R - Religious occupation|R - Religious occupation|CSC|California Service Center|3.0|5.0|May 14, 2024|Mar 15, 2024|Aug 12, 2024 07:17:24 AM
I-129|137-TN|TN - United States-Mexico-Canada Agreement (USMCA, formerly NAFTA) professional|TN - USMCA professional|ESC|Vermont Service Center|3.0|5.0|May 14, 2024|Mar 15, 2024|Aug 12, 2024 07:17:24 AM
N-600|161A|Application for recognition of U.S. citizenship|Application for recognition of U.S. citizenship|AGA|Agana, GU|5.5|13.5|Feb 29, 2024|Jul 04, 2023|Aug 12, 2024 07:17:24 AM
N-600|161A|Application for recognition of U.S. citizenship|Application for recognition of U.S. citizenship|ALB|Albany, NY|5.0|10.5|Mar 15, 2024|Oct 02, 2023|Aug 12, 2024 07:17:24 AM
N-600|161A|Application for recognition of U.S. citizenship|Application for recognition of U.S. citizenship|ABQ|Albuquerque, NM|9.0|10.5|Nov 16, 2023|Oct 02, 2023|Aug 12, 2024 07:17:24 AM
N-600|161A|Application for recognition of U.S. citizenship|Application for recognition of U.S. citizenship|ANC|Anchorage, AK|7.0|7.5|Jan 15, 2024|Dec 31, 2023|Aug 12, 2024 07:17:24 AM
N-600|161A|Application for recognition of U.S. citizenship|Application for recognition of U.S. citizenship|ATL|Atlanta, GA|6.5|10.5|Jan 30, 2024|Oct 02, 2023|Aug 12, 2024 07:17:24 AM
N-600|161A|Application for recognition of U.S. citizenship|Application for recognition of U.S. citizenship|BAL|Baltimore, MD|10.5|13.5|Oct 02, 2023|Jul 04, 2023|Aug 12, 2024 07:17:24 AM
N-600|161A|Application for recognition of U.S. citizenship|Application for recognition of U.S. citizenship|BOI|Boise, ID|6.0|12.0|Feb 14, 2024|Aug 18, 2023|Aug 12, 2024 07:17:24 AM
N-600|161A|Application for recognition of U.S. citizenship|Application for recognition of U.S. citizenship|BOS|Boston, MA|8.0|23.0|Dec 16, 2023|Sep 22, 2022|Aug 12, 2024 07:17:24 AM
N-600|161A|Application for recognition of U.S. citizenship|Application for recognition of U.S. citizenship|BNY|Brooklyn, NY|6.5|10.0|Jan 30, 2024|Oct 17, 2023|Aug 12, 2024 07:17:24 AM
N-600|161A|Application for recognition of U.S. citizenship|Application for recognition of U.S. citizenship|BUF|Buffalo, NY|9.0|16.0|Nov 16, 2023|Apr 20, 2023|Aug 12, 2024 07:17:24 AM
N-600|161A|Application for recognition of U.S. citizenship|Application for recognition of U.S. citizenship|STA|Burlington, VT|6.5|7.5|Jan 30, 2024|Dec 31, 2023|Aug 12, 2024 07:17:24 AM
N-600|161A|Application for recognition of U.S. citizenship|Application for recognition of U.S. citizenship|CHL|Charleston, SC|3.0|6.0|May 14, 2024|Feb 14, 2024|Aug 12, 2024 07:17:24 AM
N-600|161A|Application for recognition of U.S. citizenship|Application for recognition of U.S. citizenship|CHA|Charlotte Amalie, VI|4.0|14.5|Apr 14, 2024|Jun 04, 2023|Aug 12, 2024 07:17:24 AM
N-600|161A|Application for recognition of U.S. citizenship|Application for recognition of U.S. citizenship|CLT|Charlotte, NC|4.5|8.0|Mar 30, 2024|Dec 16, 2023|Aug 12, 2024 07:17:24 AM
N-600|161A|Application for recognition of U.S. citizenship|Application for recognition of U.S. citizenship|CHI|Chicago, IL|4.0|10.0|Apr 14, 2024|Oct 17, 2023|Aug 12, 2024 07:17:24 AM
N-600|161A|Application for recognition of U.S. citizenship|Application for recognition of U.S. citizenship|CHR|Christiansted, VI|8.5|13.5|Dec 01, 2023|Jul 04, 2023|Aug 12, 2024 07:17:24 AM
N-600|161A|Application for recognition of U.S. citizenship|Application for recognition of U.S. citizenship|CIN|Cincinnati, OH|3.5|5.0|Apr 29, 2024|Mar 15, 2024|Aug 12, 2024 07:17:24 AM
N-600|161A|Application for recognition of U.S. citizenship|Application for recognition of U.S. citizenship|CLE|Cleveland, OH|3.5|9.5|Apr 29, 2024|Nov 01, 2023|Aug 12, 2024 07:17:24 AM
N-600|161A|Application for recognition of U.S. citizenship|Application for recognition of U.S. citizenship|CLM|Columbus, OH|5.5|6.5|Feb 29, 2024|Jan 30, 2024|Aug 12, 2024 07:17:24 AM
N-600|161A|Application for recognition of U.S. citizenship|Application for recognition of U.S. citizenship|DAL|Dallas, TX|7.5|10.0|Dec 31, 2023|Oct 17, 2023|Aug 12, 2024 07:17:24 AM
N-600|161A|Application for recognition of U.S. citizenship|Application for recognition of U.S. citizenship|DEN|Denver, CO|9.0|14.0|Nov 16, 2023|Jun 19, 2023|Aug 12, 2024 07:17:24 AM
N-600|161A|Application for recognition of U.S. citizenship|Application for recognition of U.S. citizenship|DSM|Des Moines IA|5.5|7.0|Feb 29, 2024|Jan 15, 2024|Aug 12, 2024 07:17:24 AM
N-600|161A|Application for recognition of U.S. citizenship|Application for recognition of U.S. citizenship|DET|Detroit, MI|8.5|11.0|Dec 01, 2023|Sep 17, 2023|Aug 12, 2024 07:17:24 AM
N-600|161A|Application for recognition of U.S. citizenship|Application for recognition of U.S. citizenship|ELP|El Paso, TX|15.5|25.0|May 05, 2023|Jul 24, 2022|Aug 12, 2024 07:17:24 AM
N-600|161A|Application for recognition of U.S. citizenship|Application for recognition of U.S. citizenship|OFM|Fort Myers, FL|5.5|9.5|Feb 29, 2024|Nov 01, 2023|Aug 12, 2024 07:17:24 AM
N-600|161A|Application for recognition of U.S. citizenship|Application for recognition of U.S. citizenship|FSA|Fort Smith, AR|2.5|4.0|May 29, 2024|Apr 14, 2024|Aug 12, 2024 07:17:24 AM
N-600|161A|Application for recognition of U.S. citizenship|Application for recognition of U.S. citizenship|FRE|Fresno, CA|4.5|7.5|Mar 30, 2024|Dec 31, 2023|Aug 12, 2024 07:17:24 AM
N-600|161A|Application for recognition of U.S. citizenship|Application for recognition of U.S. citizenship|GRR|Greer, SC|4.5|6.0|Mar 30, 2024|Feb 14, 2024|Aug 12, 2024 07:17:24 AM
N-600|161A|Application for recognition of U.S. citizenship|Application for recognition of U.S. citizenship|HLG|Harlingen, TX|14.0|22.0|Jun 19, 2023|Oct 22, 2022|Aug 12, 2024 07:17:24 AM
N-600|161A|Application for recognition of U.S. citizenship|Application for recognition of U.S. citizenship|HAR|Hartford, CT|7.5|10.5|Dec 31, 2023|Oct 02, 2023|Aug 12, 2024 07:17:24 AM
N-600|161A|Application for recognition of U.S. citizenship|Application for recognition of U.S. citizenship|HEL|Helena, MT|7.5|11.0|Dec 31, 2023|Sep 17, 2023|Aug 12, 2024 07:17:24 AM
N-600|161A|Application for recognition of U.S. citizenship|Application for recognition of U.S. citizenship|HIA|Hialeah, FL|8.5|11.0|Dec 01, 2023|Sep 17, 2023|Aug 12, 2024 07:17:24 AM
N-600|161A|Application for recognition of U.S. citizenship|Application for recognition of U.S. citizenship|HHW|Honolulu, HI|4.5|17.5|Mar 30, 2024|Mar 06, 2023|Aug 12, 2024 07:17:24 AM
N-600|161A|Application for recognition of U.S. citizenship|Application for recognition of U.S. citizenship|HOU|Houston, TX|4.0|6.5|Apr 14, 2024|Jan 30, 2024|Aug 12, 2024 07:17:24 AM
N-600|161A|Application for recognition of U.S. citizenship|Application for recognition of U.S. citizenship|IMP|Imperial, CA|8.0|12.0|Dec 16, 2023|Aug 18, 2023|Aug 12, 2024 07:17:24 AM
N-600|161A|Application for recognition of U.S. citizenship|Application for recognition of U.S. citizenship|INP|Indianapolis, IN|5.0|6.5|Mar 15, 2024|Jan 30, 2024|Aug 12, 2024 07:17:24 AM
N-600|161A|Application for recognition of U.S. citizenship|Application for recognition of U.S. citizenship|JAC|Jacksonville, FL|11.5|13.5|Sep 02, 2023|Jul 04, 2023|Aug 12, 2024 07:17:24 AM
N-600|161A|Application for recognition of U.S. citizenship|Application for recognition of U.S. citizenship|KAN|Kansas City, MO|7.5|13.0|Dec 31, 2023|Jul 19, 2023|Aug 12, 2024 07:17:24 AM
N-600|161A|Application for recognition of U.S. citizenship|Application for recognition of U.S. citizenship|KND|Kendall, FL|10.0|16.0|Oct 17, 2023|Apr 20, 2023|Aug 12, 2024 07:17:24 AM
N-600|161A|Application for recognition of U.S. citizenship|Application for recognition of U.S. citizenship|LVG|Las Vegas, NV|13.0|17.5|Jul 19, 2023|Mar 06, 2023|Aug 12, 2024 07:17:24 AM
N-600|161A|Application for recognition of U.S. citizenship|Application for recognition of U.S. citizenship|LAW|Lawrence, MA|5.0|7.0|Mar 15, 2024|Jan 15, 2024|Aug 12, 2024 07:17:24 AM
N-600|161A|Application for recognition of U.S. citizenship|Application for recognition of U.S. citizenship|LNY|Long Island, NY|3.0|6.5|May 14, 2024|Jan 30, 2024|Aug 12, 2024 07:17:24 AM
N-600|161A|Application for recognition of U.S. citizenship|Application for recognition of U.S. citizenship|LOS|Los Angeles, CA|4.0|8.0|Apr 14, 2024|Dec 16, 2023|Aug 12, 2024 07:17:24 AM
N-600|161A|Application for recognition of U.S. citizenship|Application for recognition of U.S. citizenship|LAC|Los Angeles County, CA|4.5|7.0|Mar 30, 2024|Jan 15, 2024|Aug 12, 2024 07:17:24 AM
N-600|161A|Application for recognition of U.S. citizenship|Application for recognition of U.S. citizenship|LOU|Louisville, KY|5.0|10.5|Mar 15, 2024|Oct 02, 2023|Aug 12, 2024 07:17:24 AM
N-600|161A|Application for recognition of U.S. citizenship|Application for recognition of U.S. citizenship|MAN|Manchester, NH|5.5|9.5|Feb 29, 2024|Nov 01, 2023|Aug 12, 2024 07:17:24 AM
N-600|161A|Application for recognition of U.S. citizenship|Application for recognition of U.S. citizenship|MEM|Memphis, TN|5.0|13.5|Mar 15, 2024|Jul 04, 2023|Aug 12, 2024 07:17:24 AM
N-600|161A|Application for recognition of U.S. citizenship|Application for recognition of U.S. citizenship|MIA|Miami, FL|19.0|41.5|Jan 20, 2023|Mar 16, 2021|Aug 12, 2024 07:17:24 AM
N-600|161A|Application for recognition of U.S. citizenship|Application for recognition of U.S. citizenship|MIL|Milwaukee, WI|12.0|15.0|Aug 18, 2023|May 20, 2023|Aug 12, 2024 07:17:24 AM
N-600|161A|Application for recognition of U.S. citizenship|Application for recognition of U.S. citizenship|SPM|Minneapolis-St. Paul, MN|12.0|26.0|Aug 18, 2023|Jun 24, 2022|Aug 12, 2024 07:17:24 AM
N-600|161A|Application for recognition of U.S. citizenship|Application for recognition of U.S. citizenship|MGA|Montgomery, AL|16.5|35.5|Apr 05, 2023|Sep 12, 2021|Aug 12, 2024 07:17:24 AM
N-600|161A|Application for recognition of U.S. citizenship|Application for recognition of U.S. citizenship|MTL|Mount Laurel, NJ|5.5|11.5|Feb 29, 2024|Sep 02, 2023|Aug 12, 2024 07:17:24 AM
N-600|161A|Application for recognition of U.S. citizenship|Application for recognition of U.S. citizenship|NTN|Nashville, TN|5.0|15.0|Mar 15, 2024|May 20, 2023|Aug 12, 2024 07:17:24 AM
N-600|161A|Application for recognition of U.S. citizenship|Application for recognition of U.S. citizenship|NEW|Newark, NJ|5.5|14.5|Feb 29, 2024|Jun 04, 2023|Aug 12, 2024 07:17:24 AM
N-600|161A|Application for recognition of U.S. citizenship|Application for recognition of U.S. citizenship|NOL|New Orleans, LA|11.0|25.0|Sep 17, 2023|Jul 24, 2022|Aug 12, 2024 07:17:24 AM
N-600|161A|Application for recognition of U.S. citizenship|Application for recognition of U.S. citizenship|NYC|New York City, NY|4.0|5.0|Apr 14, 2024|Mar 15, 2024|Aug 12, 2024 07:17:24 AM
N-600|161A|Application for recognition of U.S. citizenship|Application for recognition of U.S. citizenship|NOR|Norfolk, VA|5.5|11.5|Feb 29, 2024|Sep 02, 2023|Aug 12, 2024 07:17:24 AM
N-600|161A|Application for recognition of U.S. citizenship|Application for recognition of U.S. citizenship|OKL|Oakland Park, FL|10.5|17.0|Oct 02, 2023|Mar 21, 2023|Aug 12, 2024 07:17:24 AM
N-600|161A|Application for recognition of U.S. citizenship|Application for recognition of U.S. citizenship|OKC|Oklahoma City, OK|3.5|7.5|Apr 29, 2024|Dec 31, 2023|Aug 12, 2024 07:17:24 AM
N-600|161A|Application for recognition of U.S. citizenship|Application for recognition of U.S. citizenship|OMA|Omaha, NE|13.0|22.5|Jul 19, 2023|Oct 07, 2022|Aug 12, 2024 07:17:24 AM
N-600|161A|Application for recognition of U.S. citizenship|Application for recognition of U.S. citizenship|ORL|Orlando, FL|12.5|29.0|Aug 03, 2023|Mar 26, 2022|Aug 12, 2024 07:17:24 AM
N-600|161A|Application for recognition of U.S. citizenship|Application for recognition of U.S. citizenship|PHI|Philadelphia, PA|6.0|6.5|Feb 14, 2024|Jan 30, 2024|Aug 12, 2024 07:17:24 AM
N-600|161A|Application for recognition of U.S. citizenship|Application for recognition of U.S. citizenship|PHO|Phoenix, AZ|14.0|23.5|Jun 19, 2023|Sep 07, 2022|Aug 12, 2024 07:17:24 AM
N-600|161A|Application for recognition of U.S. citizenship|Application for recognition of U.S. citizenship|PIT|Pittsburgh, PA|2.5|4.0|May 29, 2024|Apr 14, 2024|Aug 12, 2024 07:17:24 AM
N-600|161A|Application for recognition of U.S. citizenship|Application for recognition of U.S. citizenship|POM|Portland, ME|3.0|6.5|May 14, 2024|Jan 30, 2024|Aug 12, 2024 07:17:24 AM
N-600|161A|Application for recognition of U.S. citizenship|Application for recognition of U.S. citizenship|POO|Portland, OR|6.5|11.0|Jan 30, 2024|Sep 17, 2023|Aug 12, 2024 07:17:24 AM
N-600|161A|Application for recognition of U.S. citizenship|Application for recognition of U.S. citizenship|PRO|Providence, RI|4.5|5.0|Mar 30, 2024|Mar 15, 2024|Aug 12, 2024 07:17:24 AM
N-600|161A|Application for recognition of U.S. citizenship|Application for recognition of U.S. citizenship|QNS|Queens, NY|5.5|18.5|Feb 29, 2024|Feb 04, 2023|Aug 12, 2024 07:17:24 AM
N-600|161A|Application for recognition of U.S. citizenship|Application for recognition of U.S. citizenship|RAL|Raleigh, NC|5.0|8.5|Mar 15, 2024|Dec 01, 2023|Aug 12, 2024 07:17:24 AM
N-600|161A|Application for recognition of U.S. citizenship|Application for recognition of U.S. citizenship|REN|Reno, NV|24.5|29.5|Aug 08, 2022|Mar 11, 2022|Aug 12, 2024 07:17:24 AM
N-600|161A|Application for recognition of U.S. citizenship|Application for recognition of U.S. citizenship|SAC|Sacramento, CA|8.5|9.5|Dec 01, 2023|Nov 01, 2023|Aug 12, 2024 07:17:24 AM
N-600|161A|Application for recognition of U.S. citizenship|Application for recognition of U.S. citizenship|STL|Saint Louis, MO|3.0|5.0|May 14, 2024|Mar 15, 2024|Aug 12, 2024 07:17:24 AM
N-600|161A|Application for recognition of U.S. citizenship|Application for recognition of U.S. citizenship|SLC|Salt Lake City, UT|8.5|10.0|Dec 01, 2023|Oct 17, 2023|Aug 12, 2024 07:17:24 AM
N-600|161A|Application for recognition of U.S. citizenship|Application for recognition of U.S. citizenship|SNA|San Antonio, TX|9.0|11.0|Nov 16, 2023|Sep 17, 2023|Aug 12, 2024 07:17:24 AM
N-600|161A|Application for recognition of U.S. citizenship|Application for recognition of U.S. citizenship|SBD|San Bernardino, CA|2.5|6.5|May 29, 2024|Jan 30, 2024|Aug 12, 2024 07:17:24 AM
N-600|161A|Application for recognition of U.S. citizenship|Application for recognition of U.S. citizenship|SND|San Diego, CA|33.5|42.0|Nov 11, 2021|Mar 01, 2021|Aug 12, 2024 07:17:24 AM
N-600|161A|Application for recognition of U.S. citizenship|Application for recognition of U.S. citizenship|SFV|San Fernando Valley, CA|3.0|4.0|May 14, 2024|Apr 14, 2024|Aug 12, 2024 07:17:24 AM
N-600|161A|Application for recognition of U.S. citizenship|Application for recognition of U.S. citizenship|SFR|San Francisco, CA|4.5|7.5|Mar 30, 2024|Dec 31, 2023|Aug 12, 2024 07:17:24 AM
N-600|161A|Application for recognition of U.S. citizenship|Application for recognition of U.S. citizenship|SNJ|San Jose, CA|3.0|4.5|May 14, 2024|Mar 30, 2024|Aug 12, 2024 07:17:24 AM
N-600|161A|Application for recognition of U.S. citizenship|Application for recognition of U.S. citizenship|SAJ|San Juan, PR|4.5|12.0|Mar 30, 2024|Aug 18, 2023|Aug 12, 2024 07:17:24 AM
N-600|161A|Application for recognition of U.S. citizenship|Application for recognition of U.S. citizenship|SAA|Santa Ana, CA|8.5|11.5|Dec 01, 2023|Sep 02, 2023|Aug 12, 2024 07:17:24 AM
N-600|161A|Application for recognition of U.S. citizenship|Application for recognition of U.S. citizenship|SEA|Seattle, WA|6.0|9.5|Feb 14, 2024|Nov 01, 2023|Aug 12, 2024 07:17:24 AM
N-600|161A|Application for recognition of U.S. citizenship|Application for recognition of U.S. citizenship|SPO|Spokane, WA|8.5|10.5|Dec 01, 2023|Oct 02, 2023|Aug 12, 2024 07:17:24 AM
N-600|161A|Application for recognition of U.S. citizenship|Application for recognition of U.S. citizenship|TAM|Tampa, FL|5.0|10.0|Mar 15, 2024|Oct 17, 2023|Aug 12, 2024 07:17:24 AM
N-600|161A|Application for recognition of U.S. citizenship|Application for recognition of U.S. citizenship|TUC|Tucson, AZ|3.5|10.0|Apr 29, 2024|Oct 17, 2023|Aug 12, 2024 07:17:24 AM
N-600|161A|Application for recognition of U.S. citizenship|Application for recognition of U.S. citizenship|WAS|Washington, DC|9.0|18.5|Nov 16, 2023|Feb 04, 2023|Aug 12, 2024 07:17:24 AM
N-600|161A|Application for recognition of U.S. citizenship|Application for recognition of U.S. citizenship|WPB|West Palm Beach, FL|6.5|11.5|Jan 30, 2024|Sep 02, 2023|Aug 12, 2024 07:17:24 AM
N-600|161A|Application for recognition of U.S. citizenship|Application for recognition of U.S. citizenship|WIC|Wichita, KS|2.5|5.5|May 29, 2024|Feb 29, 2024|Aug 12, 2024 07:17:24 AM
N-600|161A|Application for recognition of U.S. citizenship|Application for recognition of U.S. citizenship|YAK|Yakima, WA|6.5|23.5|Jan 30, 2024|Sep 07, 2022|Aug 12, 2024 07:17:24 AM
